-- RELAÇÕES 

INSERT INTO Pessoa(nome, email, ID) VALUES ('Sr. Isaac Barbosa', 'pereiradanilo@da.com', 1);
INSERT INTO Pessoa(nome, email, ID) VALUES ('Larissa Nunes', 'larissa58@aragao.com', 2);
INSERT INTO Pessoa(nome, email, ID) VALUES ('Lucca Gomes', 'mmonteiro@uol.com.br', 3);
INSERT INTO Pessoa(nome, email, ID) VALUES ('Breno Costa', 'erickoliveira@gmail.com', 4);
INSERT INTO Pessoa(nome, email, ID) VALUES ('Marcelo Novaes', 'caroline04@nascimento.br', 5);
INSERT INTO Pessoa(nome, email, ID) VALUES ('Pietro Campos', 'ianrodrigues@yahoo.com.br', 6);
INSERT INTO Pessoa(nome, email, ID) VALUES ('Srta. Maria Luiza Moura', 'da-costavitor@uol.com.br', 7);
INSERT INTO Pessoa(nome, email, ID) VALUES ('Dr. Noah Cunha', 'cda-mota@carvalho.br', 8);
INSERT INTO Pessoa(nome, email, ID) VALUES ('Isabella da Conceição', 'emillyjesus@yahoo.com.br', 9);
INSERT INTO Pessoa(nome, email, ID) VALUES ('Ana Lívia Caldeira', 'nogueirasabrina@costa.com', 10);
INSERT INTO Pessoa(nome, email, ID) VALUES ('Sr. Benjamin Oliveira', 'moraesbarbara@bol.com.br', 11);
INSERT INTO Pessoa(nome, email, ID) VALUES ('Manuela Pereira', 'nuneslarissa@bol.com.br', 12);
INSERT INTO Pessoa(nome, email, ID) VALUES ('Sofia Souza', 'bgoncalves@campos.com', 13);
INSERT INTO Pessoa(nome, email, ID) VALUES ('Sr. Luiz Fernando Ferreira', 'ana-vitoria03@bol.com.br', 14);
INSERT INTO Pessoa(nome, email, ID) VALUES ('Sr. Luiz Miguel Duarte', 'antonio70@ig.com.br', 15);
INSERT INTO Pessoa(nome, email, ID) VALUES ('Lorena das Neves', 'diaslarissa@ig.com.br', 16);
INSERT INTO Pessoa(nome, email, ID) VALUES ('Francisco Moreira', 'almeidadaniel@lima.org', 17);
INSERT INTO Pessoa(nome, email, ID) VALUES ('Isabel Sales', 'luiz-felipecastro@souza.net', 18);
INSERT INTO Pessoa(nome, email, ID) VALUES ('Alexandre Gonçalves', 'vda-rosa@ig.com.br', 19);
INSERT INTO Pessoa(nome, email, ID) VALUES ('Emanuelly Ribeiro', 'eramos@alves.com', 20);

--

INSERT INTO Artista(artista_id, artista_site) VALUES (1, 'https://melo.com/');
INSERT INTO Artista(artista_id, artista_site) VALUES (2, 'https://www.fogaca.br/');
INSERT INTO Artista(artista_id, artista_site) VALUES (3, 'http://www.da.org/');
INSERT INTO Artista(artista_id, artista_site) VALUES (4, 'http://www.da.com/');
INSERT INTO Artista(artista_id, artista_site) VALUES (5, 'https://silveira.br/');
INSERT INTO Artista(artista_id, artista_site) VALUES (6, 'http://moraes.com/');
INSERT INTO Artista(artista_id, artista_site) VALUES (7, 'http://gomes.br/');
INSERT INTO Artista(artista_id, artista_site) VALUES (8, 'http://www.ramos.com/');
INSERT INTO Artista(artista_id, artista_site) VALUES (9, 'https://www.correia.net/');
INSERT INTO Artista(artista_id, artista_site) VALUES (10, 'https://peixoto.org/');

--

INSERT INTO Telefone(artista_id, telefone) VALUES (1, '+55 97711 2953');
INSERT INTO Telefone(artista_id, telefone) VALUES (2, '+55 97302 4996');
INSERT INTO Telefone(artista_id, telefone) VALUES (3, '+55 97952 8249');
INSERT INTO Telefone(artista_id, telefone) VALUES (4, '+55 93793 8114');
INSERT INTO Telefone(artista_id, telefone) VALUES (5, '+55 90346 8463');
INSERT INTO Telefone(artista_id, telefone) VALUES (6, '+55 95130 8510');
INSERT INTO Telefone(artista_id, telefone) VALUES (7, '+55 95163 9547');
INSERT INTO Telefone(artista_id, telefone) VALUES (8, '+55 90277 2083');
INSERT INTO Telefone(artista_id, telefone) VALUES (9, '+55 90652 0604');
INSERT INTO Telefone(artista_id, telefone) VALUES (10, '+55 94398 7675');

--

INSERT INTO Usuario(usuario_id, idade) VALUES (11, 57);
INSERT INTO Usuario(usuario_id, idade) VALUES (12, 96);
INSERT INTO Usuario(usuario_id, idade) VALUES (13, 21);
INSERT INTO Usuario(usuario_id, idade) VALUES (14, 20);
INSERT INTO Usuario(usuario_id, idade) VALUES (15, 7);
INSERT INTO Usuario(usuario_id, idade) VALUES (16, 96);
INSERT INTO Usuario(usuario_id, idade) VALUES (17, 66);
INSERT INTO Usuario(usuario_id, idade) VALUES (18, 43);
INSERT INTO Usuario(usuario_id, idade) VALUES (19, 81);
INSERT INTO Usuario(usuario_id, idade) VALUES (20, 53);

--

INSERT INTO Musica(musica_id, nome, duracao_segundos) VALUES (1, 'Dicta placeat ad aspernatur.', 1661);
INSERT INTO Musica(musica_id, nome, duracao_segundos) VALUES (2, 'Ipsum nihil culpa quo expedita repellat illo.', 604);
INSERT INTO Musica(musica_id, nome, duracao_segundos) VALUES (3, 'Vero cum voluptas nam dolorum ex.', 548);
INSERT INTO Musica(musica_id, nome, duracao_segundos) VALUES (4, 'Quas molestias voluptates ullam dolorem voluptatum.', 1711);
INSERT INTO Musica(musica_id, nome, duracao_segundos) VALUES (5, 'Debitis repellendus nulla sed similique libero.', 1254);
INSERT INTO Musica(musica_id, nome, duracao_segundos) VALUES (6, 'Numquam adipisci sequi adipisci laborum deleniti consequuntur.', 113);
INSERT INTO Musica(musica_id, nome, duracao_segundos) VALUES (7, 'Asperiores aliquam doloremque natus.', 595);
INSERT INTO Musica(musica_id, nome, duracao_segundos) VALUES (8, 'Eaque nostrum nam similique explicabo eius itaque.', 460);
INSERT INTO Musica(musica_id, nome, duracao_segundos) VALUES (9, 'Dignissimos odit totam quis perferendis distinctio molestias deleniti.', 455);
INSERT INTO Musica(musica_id, nome, duracao_segundos) VALUES (10, 'Quasi fugiat maxime vero ipsam excepturi vero.', 1292);
INSERT INTO Musica(musica_id, nome, duracao_segundos) VALUES (11, 'Deleniti cumque ab fugiat neque voluptas.', 687);
INSERT INTO Musica(musica_id, nome, duracao_segundos) VALUES (12, 'Architecto necessitatibus placeat quod.', 469);
INSERT INTO Musica(musica_id, nome, duracao_segundos) VALUES (13, 'Aut eaque illo ea.', 1646);
INSERT INTO Musica(musica_id, nome, duracao_segundos) VALUES (14, 'Omnis aliquam sequi non sequi tempore esse.', 1686);
INSERT INTO Musica(musica_id, nome, duracao_segundos) VALUES (15, 'At corporis itaque.', 196);
INSERT INTO Musica(musica_id, nome, duracao_segundos) VALUES (16, 'Vitae sint rerum quod harum molestias magni.', 1462);
INSERT INTO Musica(musica_id, nome, duracao_segundos) VALUES (17, 'Inventore totam illo expedita consectetur cupiditate blanditiis.', 1251);
INSERT INTO Musica(musica_id, nome, duracao_segundos) VALUES (18, 'Ex sint quos distinctio vel soluta.', 1737);
INSERT INTO Musica(musica_id, nome, duracao_segundos) VALUES (19, 'Recusandae qui sint molestiae.', 681);
INSERT INTO Musica(musica_id, nome, duracao_segundos) VALUES (20, 'Ab quam sed aspernatur in unde.', 145);

--

INSERT INTO Genero(id_musica, genero) VALUES (1, 'Pop');
INSERT INTO Genero(id_musica, genero) VALUES (2, 'Jazz');
INSERT INTO Genero(id_musica, genero) VALUES (3, 'Rap');
INSERT INTO Genero(id_musica, genero) VALUES (4, 'Rap');
INSERT INTO Genero(id_musica, genero) VALUES (5, 'Pop');
INSERT INTO Genero(id_musica, genero) VALUES (6, 'Rap');
INSERT INTO Genero(id_musica, genero) VALUES (7, 'Jazz');
INSERT INTO Genero(id_musica, genero) VALUES (8, 'Jazz');
INSERT INTO Genero(id_musica, genero) VALUES (9, 'Funk');
INSERT INTO Genero(id_musica, genero) VALUES (10, 'Rap');
INSERT INTO Genero(id_musica, genero) VALUES (11, 'Jazz');
INSERT INTO Genero(id_musica, genero) VALUES (12, 'Funk');
INSERT INTO Genero(id_musica, genero) VALUES (13, 'Funk');
INSERT INTO Genero(id_musica, genero) VALUES (14, 'Funk');
INSERT INTO Genero(id_musica, genero) VALUES (15, 'Pop');
INSERT INTO Genero(id_musica, genero) VALUES (16, 'Rock');
INSERT INTO Genero(id_musica, genero) VALUES (17, 'Rock');
INSERT INTO Genero(id_musica, genero) VALUES (18, 'Jazz');
INSERT INTO Genero(id_musica, genero) VALUES (19, 'Pop');
INSERT INTO Genero(id_musica, genero) VALUES (20, 'Funk');

--

INSERT INTO Album(album_id, nome, data_lancamento) VALUES (1, 'Odio possimus voluptatem quo dolorem optio alias.', '1975-9-6');
INSERT INTO Album(album_id, nome, data_lancamento) VALUES (2, 'Neque cupiditate error sapiente.', '1990-8-20');
INSERT INTO Album(album_id, nome, data_lancamento) VALUES (3, 'Eum odit voluptates vitae iusto aperiam sequi.', '1929-6-10');
INSERT INTO Album(album_id, nome, data_lancamento) VALUES (4, 'Totam accusamus nobis non cumque.', '1973-9-1');
INSERT INTO Album(album_id, nome, data_lancamento) VALUES (5, 'Tenetur a laborum reiciendis hic aut sint.', '1969-4-24');
INSERT INTO Album(album_id, nome, data_lancamento) VALUES (6, 'Earum assumenda eos magni impedit doloribus.', '2014-4-7');
INSERT INTO Album(album_id, nome, data_lancamento) VALUES (7, 'Sit corrupti ex laboriosam.', '1980-2-15');
INSERT INTO Album(album_id, nome, data_lancamento) VALUES (8, 'Quia dolorem deleniti doloribus ea necessitatibus error.', '1939-6-25');
INSERT INTO Album(album_id, nome, data_lancamento) VALUES (9, 'Repellendus dolores dolor sapiente rem.', '1998-8-28');
INSERT INTO Album(album_id, nome, data_lancamento) VALUES (10, 'Est fugit odit nam quo explicabo accusamus.', '1957-6-4');
INSERT INTO Album(album_id, nome, data_lancamento) VALUES (11, 'Reprehenderit beatae adipisci.', '1984-9-11');
INSERT INTO Album(album_id, nome, data_lancamento) VALUES (12, 'Debitis ab sit officia corrupti.', '1960-9-2');
INSERT INTO Album(album_id, nome, data_lancamento) VALUES (13, 'Nihil ex deleniti quas recusandae molestias.', '2002-7-12');

--

INSERT INTO Playlist(id_dono, nome) VALUES (11, 'Nemo iste aut illum laudantium ad.');
INSERT INTO Playlist(id_dono, nome) VALUES (12, 'Rerum occaecati accusantium numquam nulla culpa.');
INSERT INTO Playlist(id_dono, nome) VALUES (13, 'Repellendus accusamus necessitatibus odio aut itaque.');
INSERT INTO Playlist(id_dono, nome) VALUES (14, 'Quaerat earum ratione tempore odit.');
INSERT INTO Playlist(id_dono, nome) VALUES (15, 'Delectus laudantium nesciunt nemo.');
INSERT INTO Playlist(id_dono, nome) VALUES (16, 'Nobis minima quas ratione.');
INSERT INTO Playlist(id_dono, nome) VALUES (17, 'A quaerat autem quasi.');
INSERT INTO Playlist(id_dono, nome) VALUES (18, 'Assumenda unde minus quia.');
INSERT INTO Playlist(id_dono, nome) VALUES (19, 'Fuga corporis veniam porro.');
INSERT INTO Playlist(id_dono, nome) VALUES (20, 'Ipsa cum quod alias labore.');

--

INSERT INTO Musica_playlist(id_musica, id_playlist, nome_playlist) VALUES (1, 11, 'Nemo iste aut illum laudantium ad.');
INSERT INTO Musica_playlist(id_musica, id_playlist, nome_playlist) VALUES (2, 12, 'Rerum occaecati accusantium numquam nulla culpa.');
INSERT INTO Musica_playlist(id_musica, id_playlist, nome_playlist) VALUES (3, 13, 'Repellendus accusamus necessitatibus odio aut itaque.');
INSERT INTO Musica_playlist(id_musica, id_playlist, nome_playlist) VALUES (4, 14, 'Quaerat earum ratione tempore odit.');
INSERT INTO Musica_playlist(id_musica, id_playlist, nome_playlist) VALUES (5, 15, 'Delectus laudantium nesciunt nemo.');
INSERT INTO Musica_playlist(id_musica, id_playlist, nome_playlist) VALUES (6, 16, 'Nobis minima quas ratione.');
INSERT INTO Musica_playlist(id_musica, id_playlist, nome_playlist) VALUES (7, 17, 'A quaerat autem quasi.');
INSERT INTO Musica_playlist(id_musica, id_playlist, nome_playlist) VALUES (8, 18, 'Assumenda unde minus quia.');
INSERT INTO Musica_playlist(id_musica, id_playlist, nome_playlist) VALUES (9, 19, 'Fuga corporis veniam porro.');
INSERT INTO Musica_playlist(id_musica, id_playlist, nome_playlist) VALUES (10, 20, 'Ipsa cum quod alias labore.');

--

INSERT INTO Album_musica(id_album, id_musica) VALUES (2, 2);
INSERT INTO Album_musica(id_album, id_musica) VALUES (3, 3);
INSERT INTO Album_musica(id_album, id_musica) VALUES (3, 4);
INSERT INTO Album_musica(id_album, id_musica) VALUES (3, 5);
INSERT INTO Album_musica(id_album, id_musica) VALUES (3, 6);
INSERT INTO Album_musica(id_album, id_musica) VALUES (3, 7);
INSERT INTO Album_musica(id_album, id_musica) VALUES (3, 8);
INSERT INTO Album_musica(id_album, id_musica) VALUES (3, 9);
INSERT INTO Album_musica(id_album, id_musica) VALUES (3, 10);
INSERT INTO Album_musica(id_album, id_musica) VALUES (3, 11);
INSERT INTO Album_musica(id_album, id_musica) VALUES (3, 12);
INSERT INTO Album_musica(id_album, id_musica) VALUES (3, 13);
INSERT INTO Album_musica(id_album, id_musica) VALUES (3, 14);
INSERT INTO Album_musica(id_album, id_musica) VALUES (3, 15);
INSERT INTO Album_musica(id_album, id_musica) VALUES (3, 16);
INSERT INTO Album_musica(id_album, id_musica) VALUES (3, 17);
INSERT INTO Album_musica(id_album, id_musica) VALUES (3, 18);
INSERT INTO Album_musica(id_album, id_musica) VALUES (3, 19);
INSERT INTO Album_musica(id_album, id_musica) VALUES (3, 20);
INSERT INTO Album_musica(id_album, id_musica) VALUES (2, 2);
INSERT INTO Album_musica(id_album, id_musica) VALUES (3, 3);
INSERT INTO Album_musica(id_album, id_musica) VALUES (3, 4);
INSERT INTO Album_musica(id_album, id_musica) VALUES (3, 5);
INSERT INTO Album_musica(id_album, id_musica) VALUES (3, 6);
INSERT INTO Album_musica(id_album, id_musica) VALUES (3, 7);
INSERT INTO Album_musica(id_album, id_musica) VALUES (3, 8);
INSERT INTO Album_musica(id_album, id_musica) VALUES (3, 9);
INSERT INTO Album_musica(id_album, id_musica) VALUES (3, 10);
INSERT INTO Album_musica(id_album, id_musica) VALUES (3, 11);
INSERT INTO Album_musica(id_album, id_musica) VALUES (3, 12);
INSERT INTO Album_musica(id_album, id_musica) VALUES (3, 13);
INSERT INTO Album_musica(id_album, id_musica) VALUES (3, 14);
INSERT INTO Album_musica(id_album, id_musica) VALUES (3, 15);
INSERT INTO Album_musica(id_album, id_musica) VALUES (3, 16);
INSERT INTO Album_musica(id_album, id_musica) VALUES (3, 17);
INSERT INTO Album_musica(id_album, id_musica) VALUES (3, 18);
INSERT INTO Album_musica(id_album, id_musica) VALUES (3, 19);
INSERT INTO Album_musica(id_album, id_musica) VALUES (3, 20);
INSERT INTO Album_musica(id_album, id_musica) VALUES (2, 2);
INSERT INTO Album_musica(id_album, id_musica) VALUES (3, 3);
INSERT INTO Album_musica(id_album, id_musica) VALUES (3, 4);
INSERT INTO Album_musica(id_album, id_musica) VALUES (3, 5);
INSERT INTO Album_musica(id_album, id_musica) VALUES (3, 6);
INSERT INTO Album_musica(id_album, id_musica) VALUES (3, 7);
INSERT INTO Album_musica(id_album, id_musica) VALUES (3, 8);
INSERT INTO Album_musica(id_album, id_musica) VALUES (3, 9);
INSERT INTO Album_musica(id_album, id_musica) VALUES (3, 10);
INSERT INTO Album_musica(id_album, id_musica) VALUES (3, 11);
INSERT INTO Album_musica(id_album, id_musica) VALUES (3, 12);
INSERT INTO Album_musica(id_album, id_musica) VALUES (3, 13);
INSERT INTO Album_musica(id_album, id_musica) VALUES (3, 14);
INSERT INTO Album_musica(id_album, id_musica) VALUES (3, 15);
INSERT INTO Album_musica(id_album, id_musica) VALUES (3, 16);
INSERT INTO Album_musica(id_album, id_musica) VALUES (3, 17);
INSERT INTO Album_musica(id_album, id_musica) VALUES (3, 18);
INSERT INTO Album_musica(id_album, id_musica) VALUES (3, 19);
INSERT INTO Album_musica(id_album, id_musica) VALUES (3, 20);
INSERT INTO Album_musica(id_album, id_musica) VALUES (2, 2);
INSERT INTO Album_musica(id_album, id_musica) VALUES (3, 3);
INSERT INTO Album_musica(id_album, id_musica) VALUES (3, 4);
INSERT INTO Album_musica(id_album, id_musica) VALUES (3, 5);
INSERT INTO Album_musica(id_album, id_musica) VALUES (3, 6);
INSERT INTO Album_musica(id_album, id_musica) VALUES (3, 7);
INSERT INTO Album_musica(id_album, id_musica) VALUES (3, 8);
INSERT INTO Album_musica(id_album, id_musica) VALUES (3, 9);
INSERT INTO Album_musica(id_album, id_musica) VALUES (3, 10);
INSERT INTO Album_musica(id_album, id_musica) VALUES (3, 11);
INSERT INTO Album_musica(id_album, id_musica) VALUES (3, 12);
INSERT INTO Album_musica(id_album, id_musica) VALUES (3, 13);
INSERT INTO Album_musica(id_album, id_musica) VALUES (3, 14);
INSERT INTO Album_musica(id_album, id_musica) VALUES (3, 15);
INSERT INTO Album_musica(id_album, id_musica) VALUES (3, 16);
INSERT INTO Album_musica(id_album, id_musica) VALUES (3, 17);
INSERT INTO Album_musica(id_album, id_musica) VALUES (3, 18);
INSERT INTO Album_musica(id_album, id_musica) VALUES (3, 19);
INSERT INTO Album_musica(id_album, id_musica) VALUES (3, 20);
INSERT INTO Album_musica(id_album, id_musica) VALUES (2, 2);
INSERT INTO Album_musica(id_album, id_musica) VALUES (3, 3);
INSERT INTO Album_musica(id_album, id_musica) VALUES (3, 4);
INSERT INTO Album_musica(id_album, id_musica) VALUES (3, 5);
INSERT INTO Album_musica(id_album, id_musica) VALUES (3, 6);
INSERT INTO Album_musica(id_album, id_musica) VALUES (3, 7);
INSERT INTO Album_musica(id_album, id_musica) VALUES (3, 8);
INSERT INTO Album_musica(id_album, id_musica) VALUES (3, 9);
INSERT INTO Album_musica(id_album, id_musica) VALUES (3, 10);
INSERT INTO Album_musica(id_album, id_musica) VALUES (3, 11);
INSERT INTO Album_musica(id_album, id_musica) VALUES (3, 12);
INSERT INTO Album_musica(id_album, id_musica) VALUES (3, 13);
INSERT INTO Album_musica(id_album, id_musica) VALUES (3, 14);
INSERT INTO Album_musica(id_album, id_musica) VALUES (3, 15);
INSERT INTO Album_musica(id_album, id_musica) VALUES (3, 16);
INSERT INTO Album_musica(id_album, id_musica) VALUES (3, 17);
INSERT INTO Album_musica(id_album, id_musica) VALUES (3, 18);
INSERT INTO Album_musica(id_album, id_musica) VALUES (3, 19);
INSERT INTO Album_musica(id_album, id_musica) VALUES (3, 20);
INSERT INTO Album_musica(id_album, id_musica) VALUES (2, 2);
INSERT INTO Album_musica(id_album, id_musica) VALUES (3, 3);
INSERT INTO Album_musica(id_album, id_musica) VALUES (3, 4);
INSERT INTO Album_musica(id_album, id_musica) VALUES (3, 5);
INSERT INTO Album_musica(id_album, id_musica) VALUES (3, 6);
INSERT INTO Album_musica(id_album, id_musica) VALUES (3, 7);
INSERT INTO Album_musica(id_album, id_musica) VALUES (3, 8);
INSERT INTO Album_musica(id_album, id_musica) VALUES (3, 9);
INSERT INTO Album_musica(id_album, id_musica) VALUES (3, 10);
INSERT INTO Album_musica(id_album, id_musica) VALUES (3, 11);
INSERT INTO Album_musica(id_album, id_musica) VALUES (3, 12);
INSERT INTO Album_musica(id_album, id_musica) VALUES (3, 13);
INSERT INTO Album_musica(id_album, id_musica) VALUES (3, 14);
INSERT INTO Album_musica(id_album, id_musica) VALUES (3, 15);
INSERT INTO Album_musica(id_album, id_musica) VALUES (3, 16);
INSERT INTO Album_musica(id_album, id_musica) VALUES (3, 17);
INSERT INTO Album_musica(id_album, id_musica) VALUES (3, 18);
INSERT INTO Album_musica(id_album, id_musica) VALUES (3, 19);
INSERT INTO Album_musica(id_album, id_musica) VALUES (3, 20);
INSERT INTO Album_musica(id_album, id_musica) VALUES (2, 2);
INSERT INTO Album_musica(id_album, id_musica) VALUES (3, 3);
INSERT INTO Album_musica(id_album, id_musica) VALUES (3, 4);
INSERT INTO Album_musica(id_album, id_musica) VALUES (3, 5);
INSERT INTO Album_musica(id_album, id_musica) VALUES (3, 6);
INSERT INTO Album_musica(id_album, id_musica) VALUES (3, 7);
INSERT INTO Album_musica(id_album, id_musica) VALUES (3, 8);
INSERT INTO Album_musica(id_album, id_musica) VALUES (3, 9);
INSERT INTO Album_musica(id_album, id_musica) VALUES (3, 10);
INSERT INTO Album_musica(id_album, id_musica) VALUES (3, 11);
INSERT INTO Album_musica(id_album, id_musica) VALUES (3, 12);
INSERT INTO Album_musica(id_album, id_musica) VALUES (3, 13);
INSERT INTO Album_musica(id_album, id_musica) VALUES (3, 14);
INSERT INTO Album_musica(id_album, id_musica) VALUES (3, 15);
INSERT INTO Album_musica(id_album, id_musica) VALUES (3, 16);
INSERT INTO Album_musica(id_album, id_musica) VALUES (3, 17);
INSERT INTO Album_musica(id_album, id_musica) VALUES (3, 18);
INSERT INTO Album_musica(id_album, id_musica) VALUES (3, 19);
INSERT INTO Album_musica(id_album, id_musica) VALUES (3, 20);
INSERT INTO Album_musica(id_album, id_musica) VALUES (2, 2);
INSERT INTO Album_musica(id_album, id_musica) VALUES (3, 3);
INSERT INTO Album_musica(id_album, id_musica) VALUES (3, 4);
INSERT INTO Album_musica(id_album, id_musica) VALUES (3, 5);
INSERT INTO Album_musica(id_album, id_musica) VALUES (3, 6);
INSERT INTO Album_musica(id_album, id_musica) VALUES (3, 7);
INSERT INTO Album_musica(id_album, id_musica) VALUES (3, 8);
INSERT INTO Album_musica(id_album, id_musica) VALUES (3, 9);
INSERT INTO Album_musica(id_album, id_musica) VALUES (3, 10);
INSERT INTO Album_musica(id_album, id_musica) VALUES (3, 11);
INSERT INTO Album_musica(id_album, id_musica) VALUES (3, 12);
INSERT INTO Album_musica(id_album, id_musica) VALUES (3, 13);
INSERT INTO Album_musica(id_album, id_musica) VALUES (3, 14);
INSERT INTO Album_musica(id_album, id_musica) VALUES (3, 15);
INSERT INTO Album_musica(id_album, id_musica) VALUES (3, 16);
INSERT INTO Album_musica(id_album, id_musica) VALUES (3, 17);
INSERT INTO Album_musica(id_album, id_musica) VALUES (3, 18);
INSERT INTO Album_musica(id_album, id_musica) VALUES (3, 19);
INSERT INTO Album_musica(id_album, id_musica) VALUES (3, 20);
INSERT INTO Album_musica(id_album, id_musica) VALUES (2, 2);
INSERT INTO Album_musica(id_album, id_musica) VALUES (3, 3);
INSERT INTO Album_musica(id_album, id_musica) VALUES (3, 4);
INSERT INTO Album_musica(id_album, id_musica) VALUES (3, 5);
INSERT INTO Album_musica(id_album, id_musica) VALUES (3, 6);
INSERT INTO Album_musica(id_album, id_musica) VALUES (3, 7);
INSERT INTO Album_musica(id_album, id_musica) VALUES (3, 8);
INSERT INTO Album_musica(id_album, id_musica) VALUES (3, 9);
INSERT INTO Album_musica(id_album, id_musica) VALUES (3, 10);
INSERT INTO Album_musica(id_album, id_musica) VALUES (3, 11);
INSERT INTO Album_musica(id_album, id_musica) VALUES (3, 12);
INSERT INTO Album_musica(id_album, id_musica) VALUES (3, 13);
INSERT INTO Album_musica(id_album, id_musica) VALUES (3, 14);
INSERT INTO Album_musica(id_album, id_musica) VALUES (3, 15);
INSERT INTO Album_musica(id_album, id_musica) VALUES (3, 16);
INSERT INTO Album_musica(id_album, id_musica) VALUES (3, 17);
INSERT INTO Album_musica(id_album, id_musica) VALUES (3, 18);
INSERT INTO Album_musica(id_album, id_musica) VALUES (3, 19);
INSERT INTO Album_musica(id_album, id_musica) VALUES (3, 20);
INSERT INTO Album_musica(id_album, id_musica) VALUES (2, 2);
INSERT INTO Album_musica(id_album, id_musica) VALUES (3, 3);
INSERT INTO Album_musica(id_album, id_musica) VALUES (3, 4);
INSERT INTO Album_musica(id_album, id_musica) VALUES (3, 5);
INSERT INTO Album_musica(id_album, id_musica) VALUES (3, 6);
INSERT INTO Album_musica(id_album, id_musica) VALUES (3, 7);
INSERT INTO Album_musica(id_album, id_musica) VALUES (3, 8);
INSERT INTO Album_musica(id_album, id_musica) VALUES (3, 9);
INSERT INTO Album_musica(id_album, id_musica) VALUES (3, 10);
INSERT INTO Album_musica(id_album, id_musica) VALUES (3, 11);
INSERT INTO Album_musica(id_album, id_musica) VALUES (3, 12);
INSERT INTO Album_musica(id_album, id_musica) VALUES (3, 13);
INSERT INTO Album_musica(id_album, id_musica) VALUES (3, 14);
INSERT INTO Album_musica(id_album, id_musica) VALUES (3, 15);
INSERT INTO Album_musica(id_album, id_musica) VALUES (3, 16);
INSERT INTO Album_musica(id_album, id_musica) VALUES (3, 17);
INSERT INTO Album_musica(id_album, id_musica) VALUES (3, 18);
INSERT INTO Album_musica(id_album, id_musica) VALUES (3, 19);
INSERT INTO Album_musica(id_album, id_musica) VALUES (3, 20);
INSERT INTO Album_musica(id_album, id_musica) VALUES (2, 2);
INSERT INTO Album_musica(id_album, id_musica) VALUES (3, 3);
INSERT INTO Album_musica(id_album, id_musica) VALUES (3, 4);
INSERT INTO Album_musica(id_album, id_musica) VALUES (3, 5);
INSERT INTO Album_musica(id_album, id_musica) VALUES (3, 6);
INSERT INTO Album_musica(id_album, id_musica) VALUES (3, 7);
INSERT INTO Album_musica(id_album, id_musica) VALUES (3, 8);
INSERT INTO Album_musica(id_album, id_musica) VALUES (3, 9);
INSERT INTO Album_musica(id_album, id_musica) VALUES (3, 10);
INSERT INTO Album_musica(id_album, id_musica) VALUES (3, 11);
INSERT INTO Album_musica(id_album, id_musica) VALUES (3, 12);
INSERT INTO Album_musica(id_album, id_musica) VALUES (3, 13);
INSERT INTO Album_musica(id_album, id_musica) VALUES (3, 14);
INSERT INTO Album_musica(id_album, id_musica) VALUES (3, 15);
INSERT INTO Album_musica(id_album, id_musica) VALUES (3, 16);
INSERT INTO Album_musica(id_album, id_musica) VALUES (3, 17);
INSERT INTO Album_musica(id_album, id_musica) VALUES (3, 18);
INSERT INTO Album_musica(id_album, id_musica) VALUES (3, 19);
INSERT INTO Album_musica(id_album, id_musica) VALUES (3, 20);
INSERT INTO Album_musica(id_album, id_musica) VALUES (2, 2);
INSERT INTO Album_musica(id_album, id_musica) VALUES (3, 3);
INSERT INTO Album_musica(id_album, id_musica) VALUES (3, 4);
INSERT INTO Album_musica(id_album, id_musica) VALUES (3, 5);
INSERT INTO Album_musica(id_album, id_musica) VALUES (3, 6);
INSERT INTO Album_musica(id_album, id_musica) VALUES (3, 7);
INSERT INTO Album_musica(id_album, id_musica) VALUES (3, 8);
INSERT INTO Album_musica(id_album, id_musica) VALUES (3, 9);
INSERT INTO Album_musica(id_album, id_musica) VALUES (3, 10);
INSERT INTO Album_musica(id_album, id_musica) VALUES (3, 11);
INSERT INTO Album_musica(id_album, id_musica) VALUES (3, 12);
INSERT INTO Album_musica(id_album, id_musica) VALUES (3, 13);
INSERT INTO Album_musica(id_album, id_musica) VALUES (3, 14);
INSERT INTO Album_musica(id_album, id_musica) VALUES (3, 15);
INSERT INTO Album_musica(id_album, id_musica) VALUES (3, 16);
INSERT INTO Album_musica(id_album, id_musica) VALUES (3, 17);
INSERT INTO Album_musica(id_album, id_musica) VALUES (3, 18);
INSERT INTO Album_musica(id_album, id_musica) VALUES (3, 19);
INSERT INTO Album_musica(id_album, id_musica) VALUES (3, 20);
INSERT INTO Album_musica(id_album, id_musica) VALUES (2, 2);
INSERT INTO Album_musica(id_album, id_musica) VALUES (3, 3);
INSERT INTO Album_musica(id_album, id_musica) VALUES (3, 4);
INSERT INTO Album_musica(id_album, id_musica) VALUES (3, 5);
INSERT INTO Album_musica(id_album, id_musica) VALUES (3, 6);
INSERT INTO Album_musica(id_album, id_musica) VALUES (3, 7);
INSERT INTO Album_musica(id_album, id_musica) VALUES (3, 8);
INSERT INTO Album_musica(id_album, id_musica) VALUES (3, 9);
INSERT INTO Album_musica(id_album, id_musica) VALUES (3, 10);
INSERT INTO Album_musica(id_album, id_musica) VALUES (3, 11);
INSERT INTO Album_musica(id_album, id_musica) VALUES (3, 12);
INSERT INTO Album_musica(id_album, id_musica) VALUES (3, 13);
INSERT INTO Album_musica(id_album, id_musica) VALUES (3, 14);
INSERT INTO Album_musica(id_album, id_musica) VALUES (3, 15);
INSERT INTO Album_musica(id_album, id_musica) VALUES (3, 16);
INSERT INTO Album_musica(id_album, id_musica) VALUES (3, 17);
INSERT INTO Album_musica(id_album, id_musica) VALUES (3, 18);
INSERT INTO Album_musica(id_album, id_musica) VALUES (3, 19);
INSERT INTO Album_musica(id_album, id_musica) VALUES (3, 20);

--

INSERT INTO Cadastro(id_album, id_artista) VALUES (1, 2);
INSERT INTO Cadastro(id_album, id_artista) VALUES (2, 6);
INSERT INTO Cadastro(id_album, id_artista) VALUES (3, 6);
INSERT INTO Cadastro(id_album, id_artista) VALUES (4, 5);
INSERT INTO Cadastro(id_album, id_artista) VALUES (5, 3);
INSERT INTO Cadastro(id_album, id_artista) VALUES (6, 6);
INSERT INTO Cadastro(id_album, id_artista) VALUES (7, 5);
INSERT INTO Cadastro(id_album, id_artista) VALUES (8, 7);
INSERT INTO Cadastro(id_album, id_artista) VALUES (9, 4);
INSERT INTO Cadastro(id_album, id_artista) VALUES (10, 7);
INSERT INTO Cadastro(id_album, id_artista) VALUES (11, 5);
INSERT INTO Cadastro(id_album, id_artista) VALUES (12, 2);
INSERT INTO Cadastro(id_album, id_artista) VALUES (13, 8);

--

INSERT INTO Segue(id_seguidor, id_seguido) VALUES (8, 9);
INSERT INTO Segue(id_seguidor, id_seguido) VALUES (5, 7);
INSERT INTO Segue(id_seguidor, id_seguido) VALUES (3, 2);
INSERT INTO Segue(id_seguidor, id_seguido) VALUES (2, 9);
INSERT INTO Segue(id_seguidor, id_seguido) VALUES (3, 3);

--

INSERT INTO Reproduz(id_pessoa, id_musica, id_playlist, nome_playlist, momento) VALUES (2, 1, 16, 'Nobis minima quas ratione.', '1986-9-28 1:1:28');
INSERT INTO Reproduz(id_pessoa, id_musica, id_playlist, nome_playlist, momento) VALUES (8, 2, 13, 'Repellendus accusamus necessitatibus odio aut itaque.', '2014-4-2 3:22:19');
INSERT INTO Reproduz(id_pessoa, id_musica, id_playlist, nome_playlist, momento) VALUES (6, 9, 13, 'Repellendus accusamus necessitatibus odio aut itaque.', '1944-6-24 10:18:11');
INSERT INTO Reproduz(id_pessoa, id_musica, id_playlist, nome_playlist, momento) VALUES (7, 2, 13, 'Repellendus accusamus necessitatibus odio aut itaque.', '1929-1-13 10:37:52');
INSERT INTO Reproduz(id_pessoa, id_musica, id_playlist, nome_playlist, momento) VALUES (9, 11, 14, 'Quaerat earum ratione tempore odit.', '1955-9-12 1:6:49');
INSERT INTO Reproduz(id_pessoa, id_musica, id_playlist, nome_playlist, momento) VALUES (6, 16, 15, 'Delectus laudantium nesciunt nemo.', '1937-5-24 3:5:30');
INSERT INTO Reproduz(id_pessoa, id_musica, id_playlist, nome_playlist, momento) VALUES (1, 2, 20, 'Ipsa cum quod alias labore.', '2016-3-2 1:58:38');
INSERT INTO Reproduz(id_pessoa, id_musica, id_playlist, nome_playlist, momento) VALUES (8, 17, 14, 'Quaerat earum ratione tempore odit.', '1943-5-21 11:18:21');
INSERT INTO Reproduz(id_pessoa, id_musica, id_playlist, nome_playlist, momento) VALUES (9, 2, 16, 'Nobis minima quas ratione.', '1927-5-27 5:34:48');
INSERT INTO Reproduz(id_pessoa, id_musica, id_playlist, nome_playlist, momento) VALUES (4, 17, 14, 'Quaerat earum ratione tempore odit.', '2007-8-10 10:14:47');
-- RELAÇÕES 

INSERT INTO Pessoa(nome, email, ID) VALUES ('Maria Clara Nogueira', 'ndias@da.br', 1);
INSERT INTO Pessoa(nome, email, ID) VALUES ('João Pedro da Cunha', 'peixotoisadora@oliveira.br', 2);
INSERT INTO Pessoa(nome, email, ID) VALUES ('Leonardo da Mata', 'cecilia07@martins.br', 3);
INSERT INTO Pessoa(nome, email, ID) VALUES ('Lucas Vieira', 'luiz-miguelda-luz@almeida.com', 4);
INSERT INTO Pessoa(nome, email, ID) VALUES ('Maria Fernanda das Neves', 'elisa65@da.net', 5);
INSERT INTO Pessoa(nome, email, ID) VALUES ('Dr. Kevin Costa', 'ana-juliarocha@fogaca.br', 6);
INSERT INTO Pessoa(nome, email, ID) VALUES ('Luiz Otávio Araújo', 'da-pazjulia@yahoo.com.br', 7);
INSERT INTO Pessoa(nome, email, ID) VALUES ('Sra. Bárbara Monteiro', 'nathan08@hotmail.com', 8);
INSERT INTO Pessoa(nome, email, ID) VALUES ('Enzo Correia', 'xlima@da.br', 9);
INSERT INTO Pessoa(nome, email, ID) VALUES ('Lívia Souza', 'lucas-gabrielnovaes@gmail.com', 10);

--

INSERT INTO Artista(artista_id, artista_site) VALUES (1, 'https://www.da.com/');
INSERT INTO Artista(artista_id, artista_site) VALUES (2, 'https://www.goncalves.br/');
INSERT INTO Artista(artista_id, artista_site) VALUES (3, 'https://www.caldeira.org/');
INSERT INTO Artista(artista_id, artista_site) VALUES (4, 'https://cardoso.br/');
INSERT INTO Artista(artista_id, artista_site) VALUES (5, 'https://pires.com/');

--

INSERT INTO Telefone(artista_id, telefone) VALUES (1, '+55 98611 0267');
INSERT INTO Telefone(artista_id, telefone) VALUES (2, '+55 94990 2053');
INSERT INTO Telefone(artista_id, telefone) VALUES (3, '+55 97850 4228');
INSERT INTO Telefone(artista_id, telefone) VALUES (4, '+55 96614 7199');
INSERT INTO Telefone(artista_id, telefone) VALUES (5, '+55 97887 8153');

--

INSERT INTO Usuario(usuario_id, idade) VALUES (6, 5);
INSERT INTO Usuario(usuario_id, idade) VALUES (7, 31);
INSERT INTO Usuario(usuario_id, idade) VALUES (8, 44);
INSERT INTO Usuario(usuario_id, idade) VALUES (9, 25);
INSERT INTO Usuario(usuario_id, idade) VALUES (10, 55);

--

INSERT INTO Musica(musica_id, nome, duracao_segundos) VALUES (1, 'Odio alias eos officia ipsam.', 404);
INSERT INTO Musica(musica_id, nome, duracao_segundos) VALUES (2, 'Esse nisi ipsa earum ut et eveniet.', 694);
INSERT INTO Musica(musica_id, nome, duracao_segundos) VALUES (3, 'Porro ipsum pariatur repellendus.', 813);
INSERT INTO Musica(musica_id, nome, duracao_segundos) VALUES (4, 'Cupiditate nihil ipsa veniam.', 344);
INSERT INTO Musica(musica_id, nome, duracao_segundos) VALUES (5, 'Ad laudantium voluptate veritatis.', 1675);
INSERT INTO Musica(musica_id, nome, duracao_segundos) VALUES (6, 'Alias odio perspiciatis doloremque qui suscipit vitae.', 322);
INSERT INTO Musica(musica_id, nome, duracao_segundos) VALUES (7, 'Porro odio laborum perferendis sapiente laudantium eaque.', 1294);
INSERT INTO Musica(musica_id, nome, duracao_segundos) VALUES (8, 'Facere voluptates aliquam nobis minima libero.', 612);
INSERT INTO Musica(musica_id, nome, duracao_segundos) VALUES (9, 'Voluptates eius ipsam.', 1191);
INSERT INTO Musica(musica_id, nome, duracao_segundos) VALUES (10, 'Numquam magnam voluptatum.', 1500);

--

INSERT INTO Genero(id_musica, genero) VALUES (1, 'Rock');
INSERT INTO Genero(id_musica, genero) VALUES (2, 'Jazz');
INSERT INTO Genero(id_musica, genero) VALUES (3, 'Rap');
INSERT INTO Genero(id_musica, genero) VALUES (4, 'Funk');
INSERT INTO Genero(id_musica, genero) VALUES (5, 'Pop');
INSERT INTO Genero(id_musica, genero) VALUES (6, 'Jazz');
INSERT INTO Genero(id_musica, genero) VALUES (7, 'Pop');
INSERT INTO Genero(id_musica, genero) VALUES (8, 'Rap');
INSERT INTO Genero(id_musica, genero) VALUES (9, 'Jazz');
INSERT INTO Genero(id_musica, genero) VALUES (10, 'Rock');

--

INSERT INTO Album(album_id, nome, data_lancamento) VALUES (1, 'Aspernatur veniam repudiandae rerum.', '1930-6-6');
INSERT INTO Album(album_id, nome, data_lancamento) VALUES (2, 'Tenetur voluptate ipsa vel ullam.', '1962-3-5');
INSERT INTO Album(album_id, nome, data_lancamento) VALUES (3, 'Fuga perspiciatis inventore eos occaecati.', '1929-10-14');
INSERT INTO Album(album_id, nome, data_lancamento) VALUES (4, 'Officia enim ipsam dicta voluptates porro dicta.', '1970-7-14');
INSERT INTO Album(album_id, nome, data_lancamento) VALUES (5, 'Ducimus repellendus dolore molestiae pariatur ullam et.', '1997-7-5');
INSERT INTO Album(album_id, nome, data_lancamento) VALUES (6, 'Architecto culpa sit cumque blanditiis provident architecto.', '1942-9-28');
INSERT INTO Album(album_id, nome, data_lancamento) VALUES (7, 'Quod corrupti cupiditate nisi quaerat.', '1981-2-23');
INSERT INTO Album(album_id, nome, data_lancamento) VALUES (8, 'A eius quidem perspiciatis quibusdam.', '2007-3-15');
INSERT INTO Album(album_id, nome, data_lancamento) VALUES (9, 'Eligendi aliquid recusandae ipsum.', '2011-4-1');
INSERT INTO Album(album_id, nome, data_lancamento) VALUES (10, 'Consectetur numquam autem eius.', '1947-11-19');

--

INSERT INTO Playlist(id_dono, nome) VALUES (6, 'Est tempore quas.');
INSERT INTO Playlist(id_dono, nome) VALUES (7, 'Praesentium iste libero.');
INSERT INTO Playlist(id_dono, nome) VALUES (8, 'Sunt ullam sapiente autem architecto ab eum corrupti.');
INSERT INTO Playlist(id_dono, nome) VALUES (9, 'Facere iusto fugit ex.');
INSERT INTO Playlist(id_dono, nome) VALUES (10, 'Expedita modi labore sequi nemo.');

--

INSERT INTO Musica_playlist(id_musica, id_playlist, nome_playlist) VALUES (1, 6, 'Est tempore quas.');
INSERT INTO Musica_playlist(id_musica, id_playlist, nome_playlist) VALUES (2, 7, 'Praesentium iste libero.');
INSERT INTO Musica_playlist(id_musica, id_playlist, nome_playlist) VALUES (3, 8, 'Sunt ullam sapiente autem architecto ab eum corrupti.');
INSERT INTO Musica_playlist(id_musica, id_playlist, nome_playlist) VALUES (4, 9, 'Facere iusto fugit ex.');
INSERT INTO Musica_playlist(id_musica, id_playlist, nome_playlist) VALUES (5, 10, 'Expedita modi labore sequi nemo.');

--

INSERT INTO Album_musica(id_album, id_musica) VALUES (2, 2);
INSERT INTO Album_musica(id_album, id_musica) VALUES (3, 3);
INSERT INTO Album_musica(id_album, id_musica) VALUES (3, 4);
INSERT INTO Album_musica(id_album, id_musica) VALUES (3, 5);
INSERT INTO Album_musica(id_album, id_musica) VALUES (3, 6);
INSERT INTO Album_musica(id_album, id_musica) VALUES (3, 7);
INSERT INTO Album_musica(id_album, id_musica) VALUES (3, 8);
INSERT INTO Album_musica(id_album, id_musica) VALUES (3, 9);
INSERT INTO Album_musica(id_album, id_musica) VALUES (3, 10);
INSERT INTO Album_musica(id_album, id_musica) VALUES (2, 2);
INSERT INTO Album_musica(id_album, id_musica) VALUES (3, 3);
INSERT INTO Album_musica(id_album, id_musica) VALUES (3, 4);
INSERT INTO Album_musica(id_album, id_musica) VALUES (3, 5);
INSERT INTO Album_musica(id_album, id_musica) VALUES (3, 6);
INSERT INTO Album_musica(id_album, id_musica) VALUES (3, 7);
INSERT INTO Album_musica(id_album, id_musica) VALUES (3, 8);
INSERT INTO Album_musica(id_album, id_musica) VALUES (3, 9);
INSERT INTO Album_musica(id_album, id_musica) VALUES (3, 10);
INSERT INTO Album_musica(id_album, id_musica) VALUES (2, 2);
INSERT INTO Album_musica(id_album, id_musica) VALUES (3, 3);
INSERT INTO Album_musica(id_album, id_musica) VALUES (3, 4);
INSERT INTO Album_musica(id_album, id_musica) VALUES (3, 5);
INSERT INTO Album_musica(id_album, id_musica) VALUES (3, 6);
INSERT INTO Album_musica(id_album, id_musica) VALUES (3, 7);
INSERT INTO Album_musica(id_album, id_musica) VALUES (3, 8);
INSERT INTO Album_musica(id_album, id_musica) VALUES (3, 9);
INSERT INTO Album_musica(id_album, id_musica) VALUES (3, 10);
INSERT INTO Album_musica(id_album, id_musica) VALUES (2, 2);
INSERT INTO Album_musica(id_album, id_musica) VALUES (3, 3);
INSERT INTO Album_musica(id_album, id_musica) VALUES (3, 4);
INSERT INTO Album_musica(id_album, id_musica) VALUES (3, 5);
INSERT INTO Album_musica(id_album, id_musica) VALUES (3, 6);
INSERT INTO Album_musica(id_album, id_musica) VALUES (3, 7);
INSERT INTO Album_musica(id_album, id_musica) VALUES (3, 8);
INSERT INTO Album_musica(id_album, id_musica) VALUES (3, 9);
INSERT INTO Album_musica(id_album, id_musica) VALUES (3, 10);
INSERT INTO Album_musica(id_album, id_musica) VALUES (2, 2);
INSERT INTO Album_musica(id_album, id_musica) VALUES (3, 3);
INSERT INTO Album_musica(id_album, id_musica) VALUES (3, 4);
INSERT INTO Album_musica(id_album, id_musica) VALUES (3, 5);
INSERT INTO Album_musica(id_album, id_musica) VALUES (3, 6);
INSERT INTO Album_musica(id_album, id_musica) VALUES (3, 7);
INSERT INTO Album_musica(id_album, id_musica) VALUES (3, 8);
INSERT INTO Album_musica(id_album, id_musica) VALUES (3, 9);
INSERT INTO Album_musica(id_album, id_musica) VALUES (3, 10);
INSERT INTO Album_musica(id_album, id_musica) VALUES (2, 2);
INSERT INTO Album_musica(id_album, id_musica) VALUES (3, 3);
INSERT INTO Album_musica(id_album, id_musica) VALUES (3, 4);
INSERT INTO Album_musica(id_album, id_musica) VALUES (3, 5);
INSERT INTO Album_musica(id_album, id_musica) VALUES (3, 6);
INSERT INTO Album_musica(id_album, id_musica) VALUES (3, 7);
INSERT INTO Album_musica(id_album, id_musica) VALUES (3, 8);
INSERT INTO Album_musica(id_album, id_musica) VALUES (3, 9);
INSERT INTO Album_musica(id_album, id_musica) VALUES (3, 10);
INSERT INTO Album_musica(id_album, id_musica) VALUES (2, 2);
INSERT INTO Album_musica(id_album, id_musica) VALUES (3, 3);
INSERT INTO Album_musica(id_album, id_musica) VALUES (3, 4);
INSERT INTO Album_musica(id_album, id_musica) VALUES (3, 5);
INSERT INTO Album_musica(id_album, id_musica) VALUES (3, 6);
INSERT INTO Album_musica(id_album, id_musica) VALUES (3, 7);
INSERT INTO Album_musica(id_album, id_musica) VALUES (3, 8);
INSERT INTO Album_musica(id_album, id_musica) VALUES (3, 9);
INSERT INTO Album_musica(id_album, id_musica) VALUES (3, 10);
INSERT INTO Album_musica(id_album, id_musica) VALUES (2, 2);
INSERT INTO Album_musica(id_album, id_musica) VALUES (3, 3);
INSERT INTO Album_musica(id_album, id_musica) VALUES (3, 4);
INSERT INTO Album_musica(id_album, id_musica) VALUES (3, 5);
INSERT INTO Album_musica(id_album, id_musica) VALUES (3, 6);
INSERT INTO Album_musica(id_album, id_musica) VALUES (3, 7);
INSERT INTO Album_musica(id_album, id_musica) VALUES (3, 8);
INSERT INTO Album_musica(id_album, id_musica) VALUES (3, 9);
INSERT INTO Album_musica(id_album, id_musica) VALUES (3, 10);
INSERT INTO Album_musica(id_album, id_musica) VALUES (2, 2);
INSERT INTO Album_musica(id_album, id_musica) VALUES (3, 3);
INSERT INTO Album_musica(id_album, id_musica) VALUES (3, 4);
INSERT INTO Album_musica(id_album, id_musica) VALUES (3, 5);
INSERT INTO Album_musica(id_album, id_musica) VALUES (3, 6);
INSERT INTO Album_musica(id_album, id_musica) VALUES (3, 7);
INSERT INTO Album_musica(id_album, id_musica) VALUES (3, 8);
INSERT INTO Album_musica(id_album, id_musica) VALUES (3, 9);
INSERT INTO Album_musica(id_album, id_musica) VALUES (3, 10);
INSERT INTO Album_musica(id_album, id_musica) VALUES (2, 2);
INSERT INTO Album_musica(id_album, id_musica) VALUES (3, 3);
INSERT INTO Album_musica(id_album, id_musica) VALUES (3, 4);
INSERT INTO Album_musica(id_album, id_musica) VALUES (3, 5);
INSERT INTO Album_musica(id_album, id_musica) VALUES (3, 6);
INSERT INTO Album_musica(id_album, id_musica) VALUES (3, 7);
INSERT INTO Album_musica(id_album, id_musica) VALUES (3, 8);
INSERT INTO Album_musica(id_album, id_musica) VALUES (3, 9);
INSERT INTO Album_musica(id_album, id_musica) VALUES (3, 10);

--

INSERT INTO Cadastro(id_album, id_artista) VALUES (1, 2);
INSERT INTO Cadastro(id_album, id_artista) VALUES (2, 3);
INSERT INTO Cadastro(id_album, id_artista) VALUES (3, 1);
INSERT INTO Cadastro(id_album, id_artista) VALUES (4, 1);
INSERT INTO Cadastro(id_album, id_artista) VALUES (5, 1);
INSERT INTO Cadastro(id_album, id_artista) VALUES (6, 4);
INSERT INTO Cadastro(id_album, id_artista) VALUES (7, 3);
INSERT INTO Cadastro(id_album, id_artista) VALUES (8, 1);
INSERT INTO Cadastro(id_album, id_artista) VALUES (9, 3);
INSERT INTO Cadastro(id_album, id_artista) VALUES (10, 4);

--

INSERT INTO Segue(id_seguidor, id_seguido) VALUES (3, 1);
INSERT INTO Segue(id_seguidor, id_seguido) VALUES (3, 4);
INSERT INTO Segue(id_seguidor, id_seguido) VALUES (1, 3);
INSERT INTO Segue(id_seguidor, id_seguido) VALUES (4, 3);
INSERT INTO Segue(id_seguidor, id_seguido) VALUES (3, 3);

--

INSERT INTO Reproduz(id_pessoa, id_musica, id_playlist, nome_playlist, momento) VALUES (2, 8, 8, 'Sunt ullam sapiente autem architecto ab eum corrupti.', '1947-3-8 11:1:33');
INSERT INTO Reproduz(id_pessoa, id_musica, id_playlist, nome_playlist, momento) VALUES (2, 3, 9, 'Facere iusto fugit ex.', '2009-3-5 10:45:44');
INSERT INTO Reproduz(id_pessoa, id_musica, id_playlist, nome_playlist, momento) VALUES (2, 5, 8, 'Sunt ullam sapiente autem architecto ab eum corrupti.', '1997-5-3 3:12:49');
INSERT INTO Reproduz(id_pessoa, id_musica, id_playlist, nome_playlist, momento) VALUES (4, 1, 7, 'Praesentium iste libero.', '1948-1-3 3:32:53');
INSERT INTO Reproduz(id_pessoa, id_musica, id_playlist, nome_playlist, momento) VALUES (2, 7, 8, 'Sunt ullam sapiente autem architecto ab eum corrupti.', '1961-1-28 1:30:29');
INSERT INTO Reproduz(id_pessoa, id_musica, id_playlist, nome_playlist, momento) VALUES (2, 6, 9, 'Facere iusto fugit ex.', '1943-10-6 7:24:18');
INSERT INTO Reproduz(id_pessoa, id_musica, id_playlist, nome_playlist, momento) VALUES (1, 5, 8, 'Sunt ullam sapiente autem architecto ab eum corrupti.', '1960-3-8 5:49:30');
INSERT INTO Reproduz(id_pessoa, id_musica, id_playlist, nome_playlist, momento) VALUES (1, 6, 9, 'Facere iusto fugit ex.', '1964-1-10 11:52:16');
INSERT INTO Reproduz(id_pessoa, id_musica, id_playlist, nome_playlist, momento) VALUES (4, 7, 10, 'Expedita modi labore sequi nemo.', '2017-4-23 5:47:21');
INSERT INTO Reproduz(id_pessoa, id_musica, id_playlist, nome_playlist, momento) VALUES (3, 4, 7, 'Praesentium iste libero.', '1999-2-15 3:25:55');
